first_name,last_name,email,date_of_birth,ID,above_18
Aaron,Wilson,Aaron_Wilson@burke-benton.net,19870517,Wilson_6845c,True
Samuel,Lee,Samuel_Lee@gardner-rodriguez.net,19740902,Lee_d3d5c,True
Jennifer,Weaver,Jennifer_Weaver@patterson.com,19781015,Weaver_feb81,True
Brittany,Ellison,Brittany_Ellison@nolan.com,20040404,Ellison_93ac6,True
Leonard,Hamilton,Leonard_Hamilton@brown.com,19880229,Hamilton_f2276,True
Kathy,Phillips,Kathy_Phillips@floyd.com,19841216,Phillips_608c9,True
Jennifer,Jimenez,Jennifer_Jimenez@morgan.com,19921121,Jimenez_5ed59,True
Victoria,Lawson,Victoria_Lawson@snyder.com,19541204,Lawson_c755d,True
Michael,Martinez,Michael_Martinez@hogan.net,19521107,Martinez_bc0fc,True
Dr.,Paul,Paul_Jones@clark-irwin.com,19940215,Paul_f903f,True
Danielle,Tran,Danielle_Tran@mann.com,19880826,Tran_40aaa,True
Jeff,Freeman,Jeff_Freeman@guzman.com,20030520,Freeman_35a3d,True
Marissa,Jones,Marissa_Jones@lewis.net,19580806,Jones_cdd9f,True
Elijah,Roy,Elijah_Roy@jones-baldwin.com,19870705,Roy_57ef7,True
Courtney,Simpson,Courtney_Simpson@preston-cantrell.com,19731103,Simpson_7383f,True
Kimberly,Hopkins,Kimberly_Hopkins@adams.com,19931022,Hopkins_56d12,True
William,King,William_King@cline-allen.com,19841115,King_4ae33,True
Stephanie,Robertson,Stephanie_Robertson@owen-rodriguez.com,20020805,Robertson_c09d4,True
Ashley,Rogers,Ashley_Rogers@elliott-johnson.com,20041206,Rogers_34790,True
Rickey,Hill,Rickey_Hill@parker-cohen.com,19640430,Hill_bd6cc,True
Erika,Stewart,Erika_Stewart@solis.com,19851226,Stewart_40f40,True
Christina,Johnson,Christina_Johnson@clark.com,20010622,Johnson_5dcd5,True
Kelli,Wells,Kelli_Wells@jones.com,19540308,Wells_5c2c0,True
Nathan,Archer,Nathan_Archer@gray.com,19560723,Archer_c6232,True
Michael,Kline,Michael_Kline@phelps-alvarez.com,19650623,Kline_6fe75,True
Joshua,Rodriguez,Joshua_Rodriguez@thornton-benitez.com,19530317,Rodriguez_1eec6,True
James,Rodriguez,James_Rodriguez@logan.com,19810717,Rodriguez_a7ea3,True
Robert,Ortega,Robert_Ortega@perez.com,19600316,Ortega_7f647,True
Teresa,Ruiz,Teresa_Ruiz@holmes.com,19510904,Ruiz_e89df,True
Madison,Mejia,Madison_Mejia@sims.com,19530323,Mejia_10b0a,True
James,Bailey,James_Bailey@flynn.net,19861007,Bailey_b3b3b,True
Mary,Perry,Mary_Perry@williams.net,19730808,Perry_e8625,True
Crystal,Jones,Crystal_Jones@webb.com,19620914,Jones_85733,True
Aaron,Brown,Aaron_Brown@yates.com,19860502,Brown_9035e,True
Tanya,Barajas,Tanya_Barajas@davis.com,19740430,Barajas_c09f8,True
Samantha,Rasmussen,Samantha_Rasmussen@stokes-leon.com,19940621,Rasmussen_0fcc4,True
Vincent,Martin,Vincent_Martin@wright-lee.com,19840124,Martin_92713,True
Tony,Crawford,Tony_Crawford@moore.com,19870818,Crawford_a2a35,True
Randy,Sullivan,Randy_Sullivan@perez.net,19611025,Sullivan_7d828,True
Kimberly,Thompson,Kimberly_Thompson@brewer-walters.net,20001211,Thompson_77cc8,True
Martin,Compton,Martin_Compton@morgan.com,19840602,Compton_395a9,True
Tracy,Brown,Tracy_Brown@joyce.com,19720823,Brown_8baf8,True
Leslie,Preston,Leslie_Preston@johns.com,19720510,Preston_d0922,True
Jay,Parker,Jay_Parker@fowler.net,19930930,Parker_311d6,True
Lance,Williams,Lance_Williams@williams.net,19730807,Williams_44d67,True
Kathleen,Allen,Kathleen_Allen@cook.com,19860113,Allen_b02ca,True
Marie,Lamb,Marie_Lamb@hampton.com,19790410,Lamb_5dc6d,True
Nathan,Flores,Nathan_Flores@gibbs.net,19790409,Flores_a43fb,True
Ashley,Caldwell,Ashley_Caldwell@mason-bryant.com,19880903,Caldwell_aa013,True
Renee,Martin,Renee_Martin@crawford-walker.com,19810421,Martin_caab2,True
Keith,Parker,Keith_Parker@moore.com,19640826,Parker_0793e,True
Melissa,Levy,Melissa_Levy@arroyo.com,19500330,Levy_bef91,True
Brandon,Powell,Brandon_Powell@craig-gonzales.net,19760606,Powell_fe4b6,True
Michael,Wu,Michael_Wu@gutierrez.com,20041130,Wu_c308d,True
Kimberly,Stone,Kimberly_Stone@murphy-bryant.com,19940512,Stone_1d9aa,True
Adam,Jones,Adam_Jones@ashley.com,19730316,Jones_575ba,True
Elizabeth,Andersen,Elizabeth_Andersen@baker.com,19740123,Andersen_61066,True
Destiny,Lutz,Destiny_Lutz@thompson-wright.com,19940412,Lutz_3427f,True
Brandy,Allen,Brandy_Allen@hardy-griffin.com,19810113,Allen_54dd1,True
Stephanie,Decker,Stephanie_Decker@barrett.net,19770905,Decker_0c2ca,True
Michelle,Keller,Michelle_Keller@johnson.com,19510607,Keller_80065,True
Stacey,Yates,Stacey_Yates@lewis.com,19921208,Yates_0613f,True
Sue,Lee,Sue_Lee@rojas.com,19860829,Lee_f9df7,True
Anna,Long,Anna_Long@coleman.com,19740316,Long_850ab,True
Annette,Watson,Annette_Watson@brown-brennan.com,19580423,Watson_6dc0c,True
James,Thomas,James_Thomas@torres.net,19520509,Thomas_6cc50,True
Kimberly,Kelly,Kimberly_Kelly@smith-davis.com,20040403,Kelly_fd1cd,True
Kelli,Olson,Kelli_Olson@campbell.net,19960723,Olson_50aa7,True
Becky,Reid,Becky_Reid@vargas.net,19751027,Reid_1bdd4,True
Wesley,Shaw,Wesley_Shaw@henderson-gibson.com,19830121,Shaw_afe1c,True
Pamela,Boyd,Pamela_Boyd@freeman.com,19680628,Boyd_94bd7,True
Jeremy,Lewis,Jeremy_Lewis@murray.com,19530107,Lewis_644d9,True
Jennifer,Garza,Jennifer_Garza@herrera-klein.com,19890603,Garza_be6d1,True
Andre,Manning,Andre_Manning@reeves-marshall.com,20041208,Manning_edf3b,True
Joseph,Perry,Joseph_Perry@tucker.com,19510616,Perry_b530f,True
Heather,Herman,Heather_Herman@williams-lindsey.com,19710606,Herman_0ab62,True
Laura,Lopez,Laura_Lopez@rodriguez.com,19901221,Lopez_ea347,True
Reginald,Barnes,Reginald_Barnes@walker-robinson.com,19730214,Barnes_f462c,True
Robert,Weaver,Robert_Weaver@young-leonard.com,19820218,Weaver_201e1,True
Beth,Martinez,Beth_Martinez@johnson.com,19681225,Martinez_204f4,True
Spencer,Ware,Spencer_Ware@montgomery-lane.com,19801009,Ware_0b5e6,True
Willie,Erickson,Willie_Erickson@bartlett.com,19910110,Erickson_3df9d,True
Daniel,Nguyen,Daniel_Nguyen@mccall.com,19590903,Nguyen_6a5e7,True
Leonard,Martinez,Leonard_Martinez@mcbride.com,19560922,Martinez_7564a,True
Robert,Stephens,Robert_Stephens@lopez.com,20000619,Stephens_5a6e3,True
Daniel,Chen,Daniel_Chen@little.com,19520716,Chen_7d3b1,True
Samuel,Dalton,Samuel_Dalton@marquez.com,19960916,Dalton_32ce4,True
Heather,Bennett,Heather_Bennett@hamilton-blair.com,20020105,Bennett_dcbc8,True
Joshua,King,Joshua_King@hale.net,20000106,King_89592,True
Crystal,Blake,Crystal_Blake@parker.com,19701117,Blake_e7660,True
Amanda,Evans,Amanda_Evans@cox.com,19590224,Evans_62a52,True
Sergio,Day,Sergio_Day@guzman-garrett.com,19510531,Day_69b70,True
Julie,Boyd,Julie_Boyd@white-george.com,19690906,Boyd_9e514,True
Logan,Watkins,Logan_Watkins@hernandez.com,20000511,Watkins_c9964,True
Steven,Ortiz,Steven_Ortiz@hamilton.com,19670605,Ortiz_c84c2,True
Lisa,Marquez,Lisa_Marquez@day-smith.com,19710326,Marquez_7aa36,True
Jennifer,Martin,Jennifer_Martin@moore.com,19830527,Martin_82381,True
Arthur,Chandler,Arthur_Chandler@martin.com,19610210,Chandler_4ab75,True
Ronald,Hudson,Ronald_Hudson@carson.com,19511003,Hudson_01af1,True
Jennifer,Lee,Jennifer_Lee@guerra-lopez.com,19500104,Lee_d7999,True
Gregory,Yoder,Gregory_Yoder@robinson-johnson.com,19530620,Yoder_70108,True
Carolyn,Harmon,Carolyn_Harmon@watts-horn.com,19980124,Harmon_69598,True
Dr.,Christopher,Christopher_Harrell@lindsey.com,19700630,Christopher_7257b,True
Kevin,Johnson,Kevin_Johnson@rogers.com,19930802,Johnson_a67f3,True
Jessica,Smith,Jessica_Smith@galloway.com,20040629,Smith_d7f57,True
Michael,Harrison,Michael_Harrison@franklin.com,19510819,Harrison_087c8,True
Terry,Moore,Terry_Moore@barker-ayers.com,19870615,Moore_c62aa,True
James,Rogers,James_Rogers@green.net,19930704,Rogers_656af,True
Kathleen,Tran,Kathleen_Tran@wilson.net,19740211,Tran_b0eca,True
Jacqueline,Conway,Jacqueline_Conway@robinson-carson.com,19710617,Conway_ae427,True
Maxwell,Cole,Maxwell_Cole@larson.com,19510203,Cole_92aa4,True
Bethany,Williamson,Bethany_Williamson@flores.com,19540310,Williamson_2b72a,True
Joseph,Wright,Joseph_Wright@powell.net,19570521,Wright_f1b73,True
Heidi,Bolton,Heidi_Bolton@spencer.com,19560616,Bolton_06e0a,True
Daniel,Lewis,Daniel_Lewis@robertson.com,19770205,Lewis_e0082,True
Dale,Ramirez,Dale_Ramirez@patton.com,19550323,Ramirez_63293,True
Carol,Sharp,Carol_Sharp@garcia-lamb.com,19750312,Sharp_7f0b3,True
Joseph,Buck,Joseph_Buck@jacobs.com,19520311,Buck_542b9,True
Lynn,Anderson,Lynn_Anderson@williams-carter.com,19960113,Anderson_542fb,True
Sarah,Harris,Sarah_Harris@thomas-sanchez.com,20010530,Harris_526ca,True
Victor,Owens,Victor_Owens@collins.com,19960815,Owens_620f1,True
Kimberly,Koch,Kimberly_Koch@rodriguez.net,19870125,Koch_43971,True
Allison,Obrien,Allison_Obrien@bailey-sanders.com,19620423,Obrien_00e34,True
John,Rogers,John_Rogers@oneill.com,19710905,Rogers_160f6,True
Janet,Collins,Janet_Collins@farrell.com,19840721,Collins_120bd,True
Kristin,Lawson,Kristin_Lawson@salinas.com,19760111,Lawson_cbf97,True
James,Castaneda,James_Castaneda@miller-hart.com,19640126,Castaneda_7660a,True
Robert,Ortiz,Robert_Ortiz@saunders-hunter.com,19761108,Ortiz_66abd,True
Connie,Harper,Connie_Harper@lewis.com,19950627,Harper_709ac,True
Debbie,Burns,Debbie_Burns@salinas.com,19830806,Burns_f2b3a,True
Gabriel,Preston,Gabriel_Preston@black.com,19961120,Preston_b6298,True
Brandon,Orozco,Brandon_Orozco@greene.com,19870717,Orozco_02d2b,True
Kari,Nguyen,Kari_Nguyen@farley.com,19991119,Nguyen_6f546,True
Brittany,Hill,Brittany_Hill@rogers-hoffman.com,19870605,Hill_2c87a,True
Carrie,Martinez,Carrie_Martinez@hendrix.com,19740124,Martinez_a7c33,True
Linda,White,Linda_White@moore.com,19751015,White_e9960,True
Jake,Spencer,Jake_Spencer@murphy.com,20020509,Spencer_c21d7,True
Joseph,Chan,Joseph_Chan@hutchinson-gutierrez.com,19660922,Chan_f9d1e,True
Kathleen,Ali,Kathleen_Ali@horn-rogers.com,19960602,Ali_a2746,True
Danielle,Stephens,Danielle_Stephens@miller.net,19610929,Stephens_baaae,True
Brianna,Schaefer,Brianna_Schaefer@nelson-mcmahon.com,19761203,Schaefer_ac7f3,True
Angela,Morris,Angela_Morris@murray.com,19760702,Morris_9ba0c,True
Jessica,Smith,Jessica_Smith@walsh-steele.com,19510531,Smith_69b70,True
Brenda,Long,Brenda_Long@carter.net,19510914,Long_f0fca,True
Megan,Taylor,Megan_Taylor@montgomery.com,19930510,Taylor_757b6,True
Kelly,Morales,Kelly_Morales@sanchez.com,19800227,Morales_3cabc,True
Sheri,Johnson,Sheri_Johnson@lucas.com,19880422,Johnson_5c594,True
Lori,Pacheco,Lori_Pacheco@ayala.com,19620630,Pacheco_7ccf5,True
Sandra,Schmidt,Sandra_Schmidt@herrera.com,19590711,Schmidt_be25c,True
Ms.,Rachel,Rachel_Hill@gutierrez.com,19541202,Rachel_2b641,True
Emily,Case,Emily_Case@lewis.com,19850508,Case_1fe51,True
Seth,Alvarez,Seth_Alvarez@conrad.com,19800108,Alvarez_af321,True
Jose,Reyes,Jose_Reyes@garcia.com,19700929,Reyes_0a636,True
Zachary,Le,Zachary_Le@whitaker.com,19851028,Le_44e84,True
Rhonda,Anthony,Rhonda_Anthony@lawson.com,19740915,Anthony_91ec3,True
Joseph,Hill,Joseph_Hill@rodriguez-newton.com,20020923,Hill_0d4d9,True
Erin,Davis,Erin_Davis@sanchez.net,19600917,Davis_dbcb2,True
Lucas,Brown,Lucas_Brown@miller.com,19891101,Brown_1ebf8,True
William,Garcia,William_Garcia@powell.com,19850912,Garcia_72e9b,True
Lauren,Swanson,Lauren_Swanson@pena-pierce.com,19610921,Swanson_b3ea5,True
John,Frank,John_Frank@martin.com,19500519,Frank_4dfb9,True
Nicole,Schmidt,Nicole_Schmidt@stephens.com,19651109,Schmidt_54bf2,True
Nathan,Gray,Nathan_Gray@scott-gonzalez.com,19960618,Gray_15cd6,True
Nichole,Delgado,Nichole_Delgado@dixon-cruz.com,19720305,Delgado_f68ba,True
Marcus,Rodriguez,Marcus_Rodriguez@jones.com,19690511,Rodriguez_3a35b,True
Samuel,Solomon,Samuel_Solomon@wolf.net,19871230,Solomon_23bae,True
Katrina,Miller,Katrina_Miller@grimes.com,19540308,Miller_5c2c0,True
Raymond,Conner,Raymond_Conner@oneal-johnson.com,19970128,Conner_71970,True
Lori,Fuller,Lori_Fuller@gordon.com,19680101,Fuller_9068b,True
Corey,Wilson,Corey_Wilson@hoover-hernandez.com,19531011,Wilson_da57e,True
Holly,James,Holly_James@macdonald.com,19641104,James_e7a3a,True
Alicia,Mccarty,Alicia_Mccarty@beasley.com,19820916,Mccarty_a4b9d,True
Zoe,Christian,Zoe_Christian@grant.com,19990319,Christian_90eb3,True
Nicholas,Watson,Nicholas_Watson@williams.com,19620403,Watson_61db6,True
Victoria,Wood,Victoria_Wood@proctor-baker.com,19910622,Wood_67f27,True
Jillian,Knight,Jillian_Knight@davenport.com,19881108,Knight_10192,True
Ryan,Fisher,Ryan_Fisher@fletcher.com,19871030,Fisher_27703,True
Stephanie,Howe,Stephanie_Howe@allen.com,19630905,Howe_a7c94,True
Kenneth,Kim,Kenneth_Kim@duran.com,19990505,Kim_c0e4a,True
Andrew,Macias,Andrew_Macias@douglas.com,19661013,Macias_a4116,True
Elizabeth,Huffman,Elizabeth_Huffman@zamora.com,19580918,Huffman_fb25a,True
Christina,Stone,Christina_Stone@medina.com,19930320,Stone_9ab9f,True
Alexander,Merritt,Alexander_Merritt@butler.net,19800913,Merritt_696fd,True
Kelly,Sanders,Kelly_Sanders@coleman.com,19520413,Sanders_e9c2f,True
Matthew,Jones,Matthew_Jones@arnold.com,20000615,Jones_fae51,True
Sarah,David,Sarah_David@collier.net,19981216,David_39e9f,True
Carmen,Barajas,Carmen_Barajas@smith.com,19810526,Barajas_62836,True
Angela,Johnson,Angela_Johnson@stewart.com,19840827,Johnson_5dcba,True
Melissa,Sparks,Melissa_Sparks@sanchez-stevenson.com,19930802,Sparks_a67f3,True
Katherine,Hill,Katherine_Hill@tran.com,19830918,Hill_e971e,True
Kristin,Hart,Kristin_Hart@ortega.com,19661217,Hart_3b264,True
Jacqueline,Ho,Jacqueline_Ho@henry.com,19610131,Ho_73551,True
Michael,Knight,Michael_Knight@davidson.com,19870408,Knight_e66ab,True
Heather,Arroyo,Heather_Arroyo@martinez.com,19790709,Arroyo_44022,True
Lori,Larson,Lori_Larson@flowers.com,19630807,Larson_06714,True
David,Vazquez,David_Vazquez@davila-beck.com,19900612,Vazquez_13d09,True
Sherry,Hicks,Sherry_Hicks@stout-nicholson.com,19611127,Hicks_5e5f2,True
Sarah,Davila,Sarah_Davila@nash.com,19790906,Davila_1977b,True
Karen,Oneill,Karen_Oneill@gomez.com,19921004,Oneill_7278c,True
Nicholas,Mills,Nicholas_Mills@williams.com,19631001,Mills_f511a,True
Jennifer,Montgomery,Jennifer_Montgomery@estrada-cole.com,19710715,Montgomery_1a334,True
Cynthia,Bailey,Cynthia_Bailey@oneill.com,19790825,Bailey_13beb,True
John,Wright,John_Wright@harris.com,19831019,Wright_fefcf,True
Sheila,Brown,Sheila_Brown@stevens-edwards.com,19821128,Brown_565a7,True
Lisa,Moore,Lisa_Moore@ramos.com,19941119,Moore_a6529,True
Julian,Newman,Julian_Newman@haynes.com,19580313,Newman_15a27,True
Thomas,Ferguson,Thomas_Ferguson@guzman.com,19591213,Ferguson_fb458,True
Lauren,Rodriguez,Lauren_Rodriguez@soto.com,19931016,Rodriguez_a9b99,True
Richard,Anderson,Richard_Anderson@white.com,19580607,Anderson_7118f,True
Jessica,Lee,Jessica_Lee@brown-baxter.com,19670124,Lee_7f12f,True
Martin,Allen,Martin_Allen@steele.com,20020924,Allen_7a4f2,True
Angela,Mitchell,Angela_Mitchell@moreno-evans.com,19690105,Mitchell_06d3f,True
Derrick,Sanchez,Derrick_Sanchez@mitchell.com,19700424,Sanchez_9f266,True
Christine,Ellis,Christine_Ellis@blackwell.com,19980617,Ellis_b9ff0,True
Alyssa,Salinas,Alyssa_Salinas@robbins.com,19980710,Salinas_8ad1c,True
Mr.,Kevin,Kevin_Walsh@hamilton.net,19920805,Kevin_8cd29,True
Kenneth,Knox,Kenneth_Knox@zamora.com,19990626,Knox_d64ed,True
Steve,Mitchell,Steve_Mitchell@adkins-russell.com,19751027,Mitchell_1bdd4,True
Craig,Hendricks,Craig_Hendricks@garcia-higgins.com,19951018,Hendricks_a352c,True
Ricky,Kerr,Ricky_Kerr@gonzalez-martinez.com,19510625,Kerr_a02d8,True
Gloria,Aguilar,Gloria_Aguilar@dorsey-donaldson.com,19690606,Aguilar_d3661,True
Alexander,Knight,Alexander_Knight@doyle.com,19740812,Knight_7e064,True
Joseph,Cross,Joseph_Cross@mason-shaw.net,19530126,Cross_36c08,True
Dr.,Joel,Joel_Myers@smith-willis.net,19720920,Joel_1466d,True
Michael,Mckee,Michael_Mckee@gordon.com,20000917,Mckee_92c0e,True
Roy,Park,Roy_Park@rodriguez-west.com,19551029,Park_a639e,True
Jonathan,Castro,Jonathan_Castro@sandoval.com,19700409,Castro_49d90,True
Richard,Carroll,Richard_Carroll@massey-gardner.com,19610526,Carroll_78391,True
Michelle,Fletcher,Michelle_Fletcher@anderson.com,19831024,Fletcher_e6fff,True
Carol,Murphy,Carol_Murphy@lowe.com,19640317,Murphy_ecd95,True
Michael,Russell,Michael_Russell@orozco.com,19680308,Russell_203e4,True
Shawna,Andrews,Shawna_Andrews@freeman.com,19981115,Andrews_776f9,True
Dana,Hernandez,Dana_Hernandez@jackson.com,19940126,Hernandez_3d7b1,True
Lauren,Harris,Lauren_Harris@long.com,19780811,Harris_e20bd,True
Sean,Morales,Sean_Morales@molina.com,20030920,Morales_867f3,True
John,Mendoza,John_Mendoza@mahoney.com,19850519,Mendoza_fa60d,True
Sierra,Mcdaniel,Sierra_Mcdaniel@mata.com,20030713,Mcdaniel_4de3f,True
Wendy,Smith,Wendy_Smith@smith-webb.com,19700128,Smith_85c0b,True
Leslie,Diaz,Leslie_Diaz@thomas-shelton.com,19570430,Diaz_0bd1d,True
Grant,Snyder,Grant_Snyder@gonzales.com,19731031,Snyder_d3f05,True
Brandi,Jenkins,Brandi_Jenkins@miller.com,19651228,Jenkins_27fe6,True
Amy,Haynes,Amy_Haynes@levy.com,19600314,Haynes_18bc2,True
John,Roberts,John_Roberts@hendricks.com,19540315,Roberts_d606a,True
Carrie,Nelson,Carrie_Nelson@archer-murphy.com,19510609,Nelson_fde1d,True
Jacob,Hood,Jacob_Hood@evans.com,19560208,Hood_bb6b9,True
Tracy,Charles,Tracy_Charles@rowe.com,19931108,Charles_02485,True
Brandon,Johnson,Brandon_Johnson@ramirez.com,19851003,Johnson_8eba4,True
Wendy,Nelson,Wendy_Nelson@day.com,19650108,Nelson_f7fc3,True
Jasmine,Ramsey,Jasmine_Ramsey@jackson.com,19500407,Ramsey_843ef,True
William,Beltran,William_Beltran@bean.com,19850313,Beltran_b42ac,True
Gerald,Stuart,Gerald_Stuart@strong.net,19950810,Stuart_42d02,True
Jacob,Vaughan,Jacob_Vaughan@martinez.com,19830908,Vaughan_40056,True
Alyssa,Ferguson,Alyssa_Ferguson@holmes.com,20040410,Ferguson_15fa1,True
Matthew,Fuentes,Matthew_Fuentes@miranda.com,19660329,Fuentes_0598c,True
April,Carpenter,April_Carpenter@page.com,19710929,Carpenter_4acee,True
Rachel,Garcia,Rachel_Garcia@neal.com,19961021,Garcia_d383b,True
Patrick,Madden,Patrick_Madden@sanders.com,19941101,Madden_d8100,True
Angela,Myers,Angela_Myers@rodriguez.com,19740126,Myers_96365,True
Wayne,Baker,Wayne_Baker@brown.com,19671227,Baker_726e6,True
Haley,Cox,Haley_Cox@lewis.com,19641001,Cox_c2d50,True
Dan,Sanders,Dan_Sanders@klein-hernandez.com,19500813,Sanders_65a5d,True
Thomas,Fisher,Thomas_Fisher@phillips.com,19850415,Fisher_cd40a,True
Taylor,Lopez,Taylor_Lopez@jones-salazar.com,19570522,Lopez_d2a7d,True
Jeffrey,Macias,Jeffrey_Macias@cox.com,19900310,Macias_76606,True
Brian,Drake,Brian_Drake@hurst-price.net,19621102,Drake_1697c,True
Timothy,Jordan,Timothy_Jordan@young.com,19991228,Jordan_26d57,True
Kathy,Leblanc,Kathy_Leblanc@warren-gray.com,19810227,Leblanc_25e89,True
William,Floyd,William_Floyd@duran.com,19720713,Floyd_ee7c0,True
Angela,Hayden,Angela_Hayden@barry.net,19960623,Hayden_44dbe,True
Renee,Hodges,Renee_Hodges@hamilton.com,19871228,Hodges_c3205,True
Samantha,Miller,Samantha_Miller@mcmahon.com,19650406,Miller_b1a7b,True
Lauren,Orozco,Lauren_Orozco@sanchez.com,20000126,Orozco_32e5d,True
Matthew,Diaz,Matthew_Diaz@ortiz.com,20040429,Diaz_b1fbe,True
April,Owen,April_Owen@sanchez.com,19670923,Owen_1c1c8,True
Mr.,Evan,Evan_Russell@ferguson.net,19590120,Evan_eeae9,True
Brent,Castaneda,Brent_Castaneda@garcia.com,19580307,Castaneda_1e9a5,True
Gregory,Peters,Gregory_Peters@ray.net,19900902,Peters_62c2d,True
Matthew,Salazar,Matthew_Salazar@jones-jones.com,19991211,Salazar_8a391,True
Natasha,Martinez,Natasha_Martinez@west.com,19680418,Martinez_fa7cb,True
Charles,Powell,Charles_Powell@knight.com,19970906,Powell_89e26,True
Brian,Powell,Brian_Powell@hernandez.com,19591115,Powell_c3379,True
Laura,Sandoval,Laura_Sandoval@brown.com,19860913,Sandoval_6592d,True
Mr.,Charles,Charles_Gonzalez@navarro.com,19710404,Charles_bc4a4,True
Nicholas,Caldwell,Nicholas_Caldwell@hurley-bass.com,19770714,Caldwell_92d76,True
Brian,Wyatt,Brian_Wyatt@wright-young.com,19581211,Wyatt_ac546,True
Ryan,Garcia,Ryan_Garcia@vazquez-wells.com,19930815,Garcia_a540e,True
Megan,Anderson,Megan_Anderson@wilson-murillo.com,19700729,Anderson_a86c0,True
Pamela,Hughes,Pamela_Hughes@charles-costa.com,19870613,Hughes_5403f,True
Tiffany,Scott,Tiffany_Scott@davis.com,19861110,Scott_af31d,True
Stanley,Conway,Stanley_Conway@adams.com,19850905,Conway_b17c3,True
Yolanda,Petty,Yolanda_Petty@dunlap-brown.com,19910125,Petty_89b4f,True
Timothy,Evans,Timothy_Evans@douglas-gray.net,20040703,Evans_3b14d,True
Tara,Jones,Tara_Jones@blankenship.net,19850303,Jones_7290c,True
George,Williams,George_Williams@patton.com,19810319,Williams_c20d3,True
Lori,Allen,Lori_Allen@valdez-phillips.com,20020916,Allen_8c000,True
Charles,Kelly,Charles_Kelly@dalton.com,19690401,Kelly_0c61d,True
Jonathan,Villa,Jonathan_Villa@suarez.com,19751203,Villa_19bdd,True
Cindy,Jackson,Cindy_Jackson@garcia-burch.com,19670727,Jackson_40b1b,True
Scott,Williams,Scott_Williams@keller-wong.com,19800308,Williams_10ae3,True
Dylan,Hernandez,Dylan_Hernandez@singleton-johnson.com,19950301,Hernandez_04544,True
Michelle,Garcia,Michelle_Garcia@lynch.com,19801017,Garcia_6967c,True
Matthew,Bailey,Matthew_Bailey@benjamin.com,19870728,Bailey_255ab,True
Curtis,Flynn,Curtis_Flynn@cook-drake.com,19780926,Flynn_066c3,True
Thomas,Perez,Thomas_Perez@greene-lopez.com,19630220,Perez_7a5c3,True
Sheri,Kline,Sheri_Kline@hinton.com,19940609,Kline_e724e,True
Mr.,Jeff,Jeff_Baker@bentley.com,19670424,Jeff_4cd37,True
Shannon,Thomas,Shannon_Thomas@dawson-alexander.com,19680903,Thomas_2a3b9,True
Jeffrey,Murray,Jeffrey_Murray@jones.net,19821221,Murray_8d3f7,True
Kristin,Wagner,Kristin_Wagner@clayton.com,19970129,Wagner_83f4e,True
Nicole,Shea,Nicole_Shea@mcclure.com,19560102,Shea_abeb3,True
Patty,Smith,Patty_Smith@ross.com,19750827,Smith_c7677,True
Sean,Wang,Sean_Wang@gibson-calderon.com,19600311,Wang_04168,True
Richard,Estrada,Richard_Estrada@malone.com,19921015,Estrada_0bf5b,True
Jackson,Cline,Jackson_Cline@hudson.net,19710121,Cline_825fb,True
Allen,Williams,Allen_Williams@sanchez.net,19971109,Williams_3e726,True
Eric,Flores,Eric_Flores@dillon-patterson.com,19820107,Flores_f6828,True
Anna,Richardson,Anna_Richardson@perry.com,19670223,Richardson_ef158,True
Taylor,Gomez,Taylor_Gomez@johnston.com,19821022,Gomez_876bf,True
Jeremy,Rodriguez,Jeremy_Rodriguez@roth.com,19780828,Rodriguez_93ac7,True
April,Garcia,April_Garcia@hall.com,19871231,Garcia_26b55,True
Sharon,Garza,Sharon_Garza@duran.com,20020830,Garza_40199,True
Lori,Sanchez,Lori_Sanchez@hardin-warner.net,19980420,Sanchez_364a7,True
Jason,Armstrong,Jason_Armstrong@curtis.com,19921116,Armstrong_e2fb8,True
Jessica,Allison,Jessica_Allison@harper.com,19721030,Allison_0c21b,True
Arthur,Hall,Arthur_Hall@gonzalez.com,19940311,Hall_5eccd,True
Sherry,Meza,Sherry_Meza@west.com,19970409,Meza_5bcfa,True
Matthew,Turner,Matthew_Turner@martinez.com,19940707,Turner_0303a,True
Sophia,Randolph,Sophia_Randolph@leonard-ramirez.com,19500807,Randolph_76c7a,True
Dr.,Samuel,Samuel_Thompson@sanchez-carroll.com,19840304,Samuel_8382b,True
Zachary,Lee,Zachary_Lee@smith.com,19870704,Lee_76cce,True
Kara,Pittman,Kara_Pittman@gomez-vaughn.com,19680525,Pittman_44c4d,True
Gabriella,Anthony,Gabriella_Anthony@castro.com,19970106,Anthony_ebd30,True
Misty,Cantrell,Misty_Cantrell@flores-decker.com,19570303,Cantrell_b19eb,True
Kelly,Guerrero,Kelly_Guerrero@riggs.com,19970203,Guerrero_d55cb,True
David,Nichols,David_Nichols@rocha.com,19620819,Nichols_9226a,True
Shawn,Galloway,Shawn_Galloway@johnston.com,19850419,Galloway_1a4d2,True
Dennis,Sanford,Dennis_Sanford@lopez-archer.com,19800806,Sanford_c7e24,True
Amanda,Murphy,Amanda_Murphy@bright-gibbs.net,20000730,Murphy_0851c,True
Bobby,Martin,Bobby_Martin@jackson.com,20000331,Martin_35f44,True
Vernon,Bishop,Vernon_Bishop@clark-larson.com,19730710,Bishop_b0506,True
Phillip,Meyers,Phillip_Meyers@mcneil-williams.com,19601022,Meyers_2871d,True
Robert,Martin,Robert_Martin@crawford.com,19500718,Martin_6f48d,True
William,Taylor,William_Taylor@warner-morgan.net,19860131,Taylor_4fbc5,True
Michael,Brady,Michael_Brady@wells-sanders.com,19500323,Brady_bd431,True
James,Rhodes,James_Rhodes@green.com,19771010,Rhodes_df266,True
Ryan,Ramirez,Ryan_Ramirez@pham.com,19850425,Ramirez_5ff32,True
Stephen,Thompson,Stephen_Thompson@hess.com,19511112,Thompson_52cd0,True
Susan,Williams,Susan_Williams@rowland.com,19761205,Williams_3b0d4,True
Dylan,Johnson,Dylan_Johnson@montgomery.com,19960107,Johnson_d53b7,True
Pamela,King,Pamela_King@soto.net,19930929,King_01148,True
Robert,Smith,Robert_Smith@joyce.com,19870424,Smith_634dd,True
Samantha,Gonzalez,Samantha_Gonzalez@rios-fletcher.com,19980829,Gonzalez_31e9a,True
Jeffery,Walker,Jeffery_Walker@watson.com,19560624,Walker_ba5b7,True
Todd,Alvarez,Todd_Alvarez@vaughn.com,19741125,Alvarez_7bc5d,True
Brett,Willis,Brett_Willis@gibbs.com,19610908,Willis_d0046,True
Kristin,Wilkins,Kristin_Wilkins@harvey.com,20020511,Wilkins_48a0a,True
Joshua,Lynch,Joshua_Lynch@daniels.com,19650526,Lynch_49515,True
Deborah,Williams,Deborah_Williams@howard.com,19841121,Williams_e69d3,True
Timothy,Martin,Timothy_Martin@camacho-sparks.net,20030501,Martin_6cf84,True
Sarah,Bright,Sarah_Bright@winters.com,19981115,Bright_776f9,True
Rebecca,Anderson,Rebecca_Anderson@carter-ramirez.com,19730827,Anderson_48071,True
Roger,Frost,Roger_Frost@cole-robinson.com,19700217,Frost_5ba4a,True
Eric,Dunn,Eric_Dunn@reese.com,19601207,Dunn_84e93,True
Heather,Pierce,Heather_Pierce@williams-edwards.com,19570813,Pierce_1096d,True
Jordan,Erickson,Jordan_Erickson@martinez.com,19750802,Erickson_6b984,True
Susan,Ali,Susan_Ali@leach.com,19990105,Ali_f361f,True
Richard,Wilson,Richard_Wilson@hernandez.com,19990703,Wilson_f0626,True
Jon,Butler,Jon_Butler@blackwell.com,19870318,Butler_a60e8,True
Paul,Phillips,Paul_Phillips@vance.com,19970216,Phillips_01acd,True
Adam,Parker,Adam_Parker@yoder.com,19980722,Parker_5ebc0,True
Cory,Walker,Cory_Walker@torres.net,19621208,Walker_a21be,True
Jeffrey,Sanchez,Jeffrey_Sanchez@jones-butler.com,19950914,Sanchez_cf3c9,True
Bianca,Martin,Bianca_Martin@mitchell.com,19780205,Martin_7bf56,True
Jeffrey,King,Jeffrey_King@hicks-boyd.com,19770623,King_2f8a4,True
Melanie,Wiggins,Melanie_Wiggins@mcdonald-rice.com,20000214,Wiggins_c46e0,True
Mr.,Daniel,Daniel_Smith@cummings.com,19860308,Daniel_e0b77,True
Scott,Lawrence,Scott_Lawrence@aguilar.com,19760104,Lawrence_fbccd,True
James,Sosa,James_Sosa@robles-hawkins.com,19570811,Sosa_84005,True
Jamie,Jackson,Jamie_Jackson@carr.com,19770526,Jackson_b5943,True
Jeffrey,Hatfield,Jeffrey_Hatfield@morgan-erickson.com,19701014,Hatfield_bf691,True
James,Phillips,James_Phillips@green-taylor.com,19611019,Phillips_c68d2,True
Jessica,Moore,Jessica_Moore@harrison-bautista.com,19990905,Moore_555b6,True
Mark,Campbell,Mark_Campbell@brown.com,20040705,Campbell_29050,True
Richard,Anderson,Richard_Anderson@peck-franklin.com,19700405,Anderson_6c12a,True
Lauren,Hahn,Lauren_Hahn@simmons.com,19720620,Hahn_38908,True
Faith,Edwards,Faith_Edwards@price.net,19770726,Edwards_96edd,True
Laura,Vargas,Laura_Vargas@gallagher-young.com,19770910,Vargas_b176f,True
Sarah,Lewis,Sarah_Lewis@wyatt.com,19810225,Lewis_f236b,True
Brad,Huff,Brad_Huff@moore.com,19611227,Huff_88806,True
Alexander,Richardson,Alexander_Richardson@perez.com,19581025,Richardson_e102e,True
Matthew,Moore,Matthew_Moore@nichols.com,20030707,Moore_4788f,True
Joseph,Howard,Joseph_Howard@williams.com,19520726,Howard_99bdb,True
Anne,Richards,Anne_Richards@mccarthy.com,19690609,Richards_e1b0f,True
Derek,Thomas,Derek_Thomas@green.com,19640724,Thomas_a6b2a,True
Joseph,Bonilla,Joseph_Bonilla@freeman.com,19740508,Bonilla_07c60,True
Gary,Barber,Gary_Barber@roberts.net,19551112,Barber_8e448,True
Brian,Johnson,Brian_Johnson@carr.com,19810617,Johnson_01409,True
Christine,Peterson,Christine_Peterson@hamilton.com,19741119,Peterson_d3043,True
Christopher,Bautista,Christopher_Bautista@rodgers.com,19940212,Bautista_06ca7,True
Barbara,Krueger,Barbara_Krueger@strong.com,19520322,Krueger_f41b0,True
Monica,Oconnor,Monica_Oconnor@gordon.com,19800107,Oconnor_5d9be,True
Peggy,Johnson,Peggy_Johnson@berg.com,19720328,Johnson_317e0,True
Susan,Herrera,Susan_Herrera@gomez.com,19550826,Herrera_2275e,True
Andrew,Matthews,Andrew_Matthews@ramos-vaughn.com,19880219,Matthews_33105,True
Erin,Kennedy,Erin_Kennedy@hendricks-mason.com,19650109,Kennedy_e1e07,True
Jason,Lopez,Jason_Lopez@wood-hill.com,19740830,Lopez_ad64b,True
Jerry,Clark,Jerry_Clark@perez.com,19950928,Clark_850e2,True
Alyssa,Kim,Alyssa_Kim@beck-zuniga.com,19901108,Kim_61638,True
Courtney,Williams,Courtney_Williams@garner.com,19990919,Williams_225d6,True
Matthew,Nelson,Matthew_Nelson@hunt.com,19580127,Nelson_49b51,True
Robert,Moore,Robert_Moore@young.com,19550415,Moore_bd6b1,True
Nicole,Mcgee,Nicole_Mcgee@reyes.com,19590303,Mcgee_84007,True
Danielle,Hunter,Danielle_Hunter@ballard.com,19710811,Hunter_c76d0,True
Kelly,Perez,Kelly_Perez@ward-wilson.com,19600519,Perez_016c7,True
Mary,Odom,Mary_Odom@morgan-reynolds.com,19630813,Odom_e8796,True
Arthur,Gibson,Arthur_Gibson@thompson-thompson.com,19610306,Gibson_7ade8,True
Christopher,Miller,Christopher_Miller@kelly.com,19850131,Miller_5a80b,True
Amber,Hopkins,Amber_Hopkins@hall.com,19750831,Hopkins_7c2f6,True
Nancy,Garcia,Nancy_Garcia@lewis-hayden.com,19680305,Garcia_76b84,True
Alex,Rhodes,Alex_Rhodes@russell.net,19780913,Rhodes_a5121,True
Daniel,Bennett,Daniel_Bennett@stephens-oneill.com,19730228,Bennett_1ed65,True
Kevin,Woodard,Kevin_Woodard@lynch.com,19550809,Woodard_0dee6,True
Alan,Peterson,Alan_Peterson@burch.com,19760129,Peterson_9e709,True
Jacob,Grant,Jacob_Grant@cummings.com,19911204,Grant_46694,True
Gabrielle,Johnson,Gabrielle_Johnson@serrano.com,19580610,Johnson_aa25e,True
Caleb,Morales,Caleb_Morales@collins.com,19660329,Morales_0598c,True
James,Dominguez,James_Dominguez@black.com,19881205,Dominguez_e2663,True
Kathryn,Cardenas,Kathryn_Cardenas@skinner.com,19830508,Cardenas_35ae4,True
Jeffrey,Santiago,Jeffrey_Santiago@duncan.com,19750228,Santiago_5cbec,True
Andrew,Mclaughlin,Andrew_Mclaughlin@fitzpatrick-lucas.com,19730514,Mclaughlin_b2423,True
Mr.,Bryan,Bryan_Porter@elliott.com,19570214,Bryan_e9e42,True
Brendan,Smith,Brendan_Smith@williams.com,19580516,Smith_750a9,True
Jeffrey,Hernandez,Jeffrey_Hernandez@mcdaniel.com,19891231,Hernandez_f3251,True
Michael,Miller,Michael_Miller@taylor-moore.com,19640520,Miller_375ad,True
Theresa,Newman,Theresa_Newman@perry-scott.com,19941129,Newman_069d1,True
Paul,Romero,Paul_Romero@middleton-jones.com,19601007,Romero_7ffde,True
Janet,Choi,Janet_Choi@neal.com,19860718,Choi_e37de,True
Mark,Bender,Mark_Bender@oneal-wilkins.com,19690911,Bender_b8ade,True
Abigail,Brown,Abigail_Brown@jones-underwood.com,19800810,Brown_7bef7,True
Antonio,Dominguez,Antonio_Dominguez@nichols.com,19801115,Dominguez_821d7,True
Tony,Morris,Tony_Morris@davis.com,19700805,Morris_1057d,True
Randy,Carlson,Randy_Carlson@rivera.com,19550530,Carlson_d8db2,True
Savannah,Holland,Savannah_Holland@williams-kelly.com,20040704,Holland_a8bb9,True
Mitchell,Pierce,Mitchell_Pierce@houston-conway.net,20010824,Pierce_7e42c,True
Angela,West,Angela_West@anderson-fitzgerald.com,19810427,West_0afba,True
Kevin,Peters,Kevin_Peters@edwards.com,19670602,Peters_4b936,True
Benjamin,Conway,Benjamin_Conway@burton-paul.com,19551228,Conway_b14b9,True
Andrew,Stewart,Andrew_Stewart@wong.com,19511202,Stewart_c3765,True
Brenda,Jones,Brenda_Jones@lang.com,19550804,Jones_e27fe,True
Elizabeth,Bailey,Elizabeth_Bailey@stephenson-arnold.com,19630101,Bailey_5c8a5,True
Kelly,Levy,Kelly_Levy@barajas.com,19940805,Levy_1b739,True
Thomas,Burton,Thomas_Burton@dunn-avery.net,19750419,Burton_e624b,True
Paul,Peterson,Paul_Peterson@bullock.com,20021225,Peterson_c41f4,True
Michael,Reilly,Michael_Reilly@cooper.net,19720514,Reilly_1c829,True
Alejandra,Martinez,Alejandra_Martinez@jones.com,19791221,Martinez_d6f6b,True
Timothy,Sanders,Timothy_Sanders@harrell.com,19521003,Sanders_e813f,True
Latoya,Little,Latoya_Little@martinez.com,19780708,Little_9b0c8,True
Sarah,Harvey,Sarah_Harvey@martin-smith.com,19600331,Harvey_119d2,True
Melissa,Ortiz,Melissa_Ortiz@lee-malone.com,19580729,Ortiz_84be0,True
Brooke,Hernandez,Brooke_Hernandez@benitez.com,19911114,Hernandez_bcb5b,True
Lisa,Livingston,Lisa_Livingston@glover.com,19500423,Livingston_19295,True
Eugene,Mason,Eugene_Mason@gardner.com,19781213,Mason_6bc9b,True
Daniel,Cunningham,Daniel_Cunningham@cooper.com,19730326,Cunningham_12799,True
Alex,Smith,Alex_Smith@johnson.com,20020503,Smith_894dd,True
Jessica,Vargas,Jessica_Vargas@miller-price.net,19810517,Vargas_ed53f,True
Olivia,Clark,Olivia_Clark@wade-roberson.com,19741001,Clark_92a9e,True
Cathy,Carney,Cathy_Carney@williams.net,19970522,Carney_0d73a,True
Haley,Baldwin,Haley_Baldwin@bush-wolfe.com,19650413,Baldwin_b3439,True
Alexander,Wilson,Alexander_Wilson@barron-garcia.com,19881111,Wilson_51998,True
April,Cole,April_Cole@vargas.com,19610622,Cole_2b0a2,True
Holly,Riley,Holly_Riley@stokes.com,19740728,Riley_3e1f8,True
Jeffrey,Poole,Jeffrey_Poole@cross.com,19570204,Poole_23f28,True
Rachel,Poole,Rachel_Poole@jones.net,19760807,Poole_46b07,True
Sheena,Ward,Sheena_Ward@wilson-mcbride.com,19730926,Ward_57d0c,True
Cynthia,Smith,Cynthia_Smith@smith.com,19510509,Smith_8477e,True
Kevin,Clayton,Kevin_Clayton@miller.com,19750807,Clayton_6ad7d,True
Sarah,Coleman,Sarah_Coleman@novak.com,19500119,Coleman_db259,True
Cody,Becker,Cody_Becker@hansen.com,19601216,Becker_dd317,True
Miss,Molly,Molly_Miller@king-kelly.net,19770511,Molly_d8bf5,True
Craig,Bailey,Craig_Bailey@hancock-brown.com,19970713,Bailey_fac5d,True
Patricia,Gray,Patricia_Gray@dawson.com,19660319,Gray_00c0a,True
Casey,Coffey,Casey_Coffey@west.com,20040802,Coffey_702fc,True
Robert,Rivera,Robert_Rivera@gibson.com,19500722,Rivera_6a7ce,True
Miss,Michelle,Michelle_Lewis@wiggins-thornton.com,19830121,Michelle_afe1c,True
John,Owens,John_Owens@callahan.com,19670424,Owens_4cd37,True
Sarah,Smith,Sarah_Smith@kirk.com,19680804,Smith_313dd,True
Nancy,Lucas,Nancy_Lucas@aguilar.com,19830607,Lucas_b2c40,True
Christina,Murray,Christina_Murray@collins-day.com,19791217,Murray_a46c7,True
Emma,Berry,Emma_Berry@charles.com,19940107,Berry_c02ad,True
Christopher,Gross,Christopher_Gross@grimes.net,20031114,Gross_2742d,True
Jason,Hawkins,Jason_Hawkins@adams-hunter.com,19541001,Hawkins_8aa4f,True
Jeffrey,Rodriguez,Jeffrey_Rodriguez@johnson-white.com,19690718,Rodriguez_84bf3,True
Christina,Miller,Christina_Miller@marshall-lucas.com,19530425,Miller_84bb3,True
Maria,Miller,Maria_Miller@roberts.com,19941221,Miller_208dd,True
Eileen,Davis,Eileen_Davis@knox.com,19520404,Davis_3a81f,True
Harry,Miller,Harry_Miller@warner-jackson.com,19890613,Miller_4e2a7,True
Ellen,Montes,Ellen_Montes@sellers.com,19610714,Montes_29eaa,True
Gregory,Mclean,Gregory_Mclean@valencia.com,19610801,Mclean_3b78d,True
Angela,Spencer,Angela_Spencer@lopez.com,19980502,Spencer_071ed,True
Christina,Price,Christina_Price@kennedy-tran.com,19860805,Price_35238,True
Amber,Randall,Amber_Randall@boyd-freeman.net,19520910,Randall_fe7f8,True
Matthew,Morris,Matthew_Morris@boyle-novak.com,19981111,Morris_f9657,True
Cindy,Blackburn,Cindy_Blackburn@bolton.net,20001008,Blackburn_0c5fb,True
Matthew,Jacobson,Matthew_Jacobson@bishop-thomas.com,19510412,Jacobson_496c2,True
Stacy,Jones,Stacy_Jones@perez.com,19940909,Jones_c6f5d,True
Scott,Zimmerman,Scott_Zimmerman@fischer.com,19560130,Zimmerman_881d6,True
Dakota,Silva,Dakota_Silva@barker-miller.com,19791007,Silva_80f7f,True
Jacob,Spencer,Jacob_Spencer@jefferson.net,19620226,Spencer_d5b01,True
Matthew,Oliver,Matthew_Oliver@mitchell.com,19720423,Oliver_94edc,True
Roger,Maddox,Roger_Maddox@richards.com,19810426,Maddox_6974f,True
Bryan,Gutierrez,Bryan_Gutierrez@short-huerta.net,19881118,Gutierrez_c61e8,True
Peter,Schultz,Peter_Schultz@shah.com,19570829,Schultz_5fff4,True
Justin,Burke,Justin_Burke@johnson.com,19961202,Burke_ea689,True
Sarah,Ramsey,Sarah_Ramsey@hayes.com,19640622,Ramsey_4c3e8,True
Michael,Chang,Michael_Chang@watkins.com,19900209,Chang_e27c8,True
Patricia,Spencer,Patricia_Spencer@holland-rodriguez.com,20040323,Spencer_6aae7,True
Pamela,Hughes,Pamela_Hughes@rivas-garza.com,19570116,Hughes_bf91b,True
Jimmy,Morris,Jimmy_Morris@hall-watkins.com,19640120,Morris_25892,True
Lauren,Romero,Lauren_Romero@davis.com,20020425,Romero_e5750,True
Adam,Jones,Adam_Jones@kline-reeves.com,19570107,Jones_2b07e,True
Matthew,Murphy,Matthew_Murphy@graham.com,19600216,Murphy_5dc4e,True
Jessica,Arroyo,Jessica_Arroyo@flores-evans.com,20021019,Arroyo_a6982,True
Caleb,Zuniga,Caleb_Zuniga@stone.net,19681028,Zuniga_a2d94,True
Cheyenne,Moreno,Cheyenne_Moreno@hampton.com,19600912,Moreno_8048c,True
Courtney,Lopez,Courtney_Lopez@sanders.com,19710810,Lopez_93fe3,True
Kenneth,Williamson,Kenneth_Williamson@perez.com,19541003,Williamson_b834c,True
Bruce,Browning,Bruce_Browning@robertson-baldwin.com,19631113,Browning_1f631,True
Shannon,Gilbert,Shannon_Gilbert@brown-schaefer.com,19920613,Gilbert_cba39,True
Amanda,Brown,Amanda_Brown@williams.com,19541218,Brown_cde99,True
Riley,Gomez,Riley_Gomez@hoffman.com,19810211,Gomez_010a6,True
Shelby,Price,Shelby_Price@fuller.net,19860807,Price_e8f96,True
Scott,Harris,Scott_Harris@mullins.com,19901214,Harris_fc222,True
Bonnie,Franklin,Bonnie_Franklin@gillespie.com,19880714,Franklin_f8d94,True
Ashley,Morris,Ashley_Morris@marshall.net,20021001,Morris_73a97,True
Jack,Jensen,Jack_Jensen@kent-williamson.net,19601229,Jensen_676e2,True
Daniel,Armstrong,Daniel_Armstrong@brown.com,19820714,Armstrong_f79a4,True
Susan,Donovan,Susan_Donovan@jordan-anderson.com,19690130,Donovan_6c619,True
Michael,Powell,Michael_Powell@mccall.com,19941127,Powell_4f74d,True
Alexander,Lowe,Alexander_Lowe@morris.com,19610508,Lowe_73be1,True
